Ders,Konu,Bitti
Türkçe,Sözcükte Anlam,False
Türkçe,Cümlede Anlam,False
Türkçe,Paragrafta Anlam,False
Türkçe,Anlatım Biçimleri,False
Türkçe,Ses Bilgisi,False
Türkçe,Yazım Kuralları,False
Türkçe,Noktalama İşaretleri,False
Türkçe,Sözcükte Yapı,False
Türkçe,Sözcük Türleri,False
Türkçe,Edat-Bağlaç-Ünlem,False
Türkçe,Fiil-Ek Fiil,False
Türkçe,Fiilimsi,False
Türkçe,Fiilde Çatı,False
Türkçe,Deyim ve Atasözü,False
Türkçe,Cümlenin Öğeleri,False
Türkçe,Cümle Türleri,False
Türkçe,Anlatım Bozuklukları,False
Matematik,Temel Kavramlar,False
Matematik,Sayı Basamakları,False
Matematik,Bölme ve Bölünebilme,False
Matematik,EBOB-EKOK,False
Matematik,Rasyonel Sayılar-Ondalık Sayılar,False
Matematik,Basit Eşitsizlikler,False
Matematik,Mutlak Değer,False
Matematik,Üslü Sayılar,False
Matematik,Köklü Sayılar,False
Matematik,Çarpanlara Ayırma,False
Matematik,Oran Orantı,False
Matematik,Denklem Çözme,False
Matematik,Problemler,False
Matematik,Kümeler-Kartezyen Çarpımı,False
Matematik,Fonksiyonlar,False
Matematik,Permütasyon,False
Matematik,Kombinasyon,False
Matematik,Binom,False
Matematik,Olasılık,False
Matematik,İstatistik,False
Matematik,2. Dereceden Denklemler,False
Matematik,Karmaşık Sayılar,False
Matematik,Polinomlar,False
Matematik,Mantık,False
Matematik,Veri Analizi,False
Geometri,Doğruda ve Üçgende Açılar,False
Geometri,Üçgende Açı-Kenar Bağıntıları,False
Geometri,Üçgende Benzerlik,False
Geometri,Üçgende Açıortay-Kenarortay,False
Geometri,Dik Üçgen,False
Geometri,İkizkenar Üçgen,False
Geometri,Eşkenar Üçgen,False
Geometri,Üçgende Alan,False
Geometri,Çokgenler,False
Geometri,Dörtgenler,False
Geometri,Yamuk-Paralelkenar,False
Geometri,Eşkenar Dörtgen,False
Geometri,Dikdörtgen,False
Geometri,Kare,False
Geometri,Deltoid,False
Geometri,Çemberde Açı,False
Geometri,Çemberde Uzunluk,False
Geometri,Dairenin Çevresi ve Alanı,False
Geometri,Doğrunun Analitik İncelenmesi,False
Geometri,Çemberin Analitik İncelenmesi,False
Geometri,"Katı Cisimler (Prizma, Küp, Piramit, Silindir, Koni, Küre)",False
Tarih,Tarih Bilimine Giriş,False
Tarih,Uygarlığın Doğuşu ve İlk Uygarlıklar,False
Tarih,İlk Türk Devletleri,False
Tarih,İslam Tarihi ve Uygarlığı,False
Tarih,Türk-İslam Devletleri,False
Tarih,Türkler'in İslamiyeti Kabulü,False
Tarih,Türkiye Tarihi,False
Tarih,Beylikten Devlete (1300-1453),False
Tarih,Dünya Gücü: Osmanlı Devleti,False
Tarih,Osmanlı Duraklama Dönemi,False
Tarih,Gerileme Devri (1699 – 1792),False
Tarih,Arayış Yılları (17. Yüzyıl),False
Tarih,Avrupa ve Osmanlı Devleti (18. Yüzyıl),False
Tarih,En Uzun Yüzyıl (1800-1922),False
Tarih,20. Yüzyıl Başlarında Osmanlı Devleti,False
Tarih,XIX. YY Osmanlı Devleti,False
Tarih,1. Dünya Savaşı – Milli Mücadeleye Hazırlık D.,False
Tarih,Kurtuluş Savaşında Cepheler,False
Tarih,Türk İnkılabı,False
Tarih,Atatürkçülük ve Atatürk İlkeleri,False
Tarih,Türk Dış Politikası,False
Coğrafya,İnsan ve Doğa,False
Coğrafya,Dünya'nın Şekli ve Hareketleri,False
Coğrafya,Coğrafi Konum,False
Coğrafya,Harita Bilgisi,False
Coğrafya,Atmosfer ve Sıcaklık,False
Coğrafya,İklimler,False
Coğrafya,Basınç ve Rüzgarlar,False
Coğrafya,"Nem, Yağış ve Buharlaşma",False
Coğrafya,İç Kuvvetler / Dış Kuvvetler,False
Coğrafya,Su – Toprak ve Bitkiler,False
Coğrafya,Nüfus-Göç-Yerleşme,False
Coğrafya,Türkiye'nin Yer Şekilleri,False
Coğrafya,Ekonomik Faaliyetler,False
Coğrafya,Bölgeler ve Ülkeler,False
Coğrafya,Uluslararası Ulaşım Hatları,False
Coğrafya,Çevre ve Toplum,False
Coğrafya,Doğal Afetler,False
Fizik,Fizik Bilimine Giriş,False
Fizik,Madde ve Özellikleri,False
Fizik,Kuvvet ve Hareket,False
Fizik,"İş, Güç ve Enerji",False
Fizik,"Isı, Sıcaklık ve Genleşme",False
Fizik,Basınç,False
Fizik,Kaldırma Kuvveti,False
Fizik,Elektrik ve Manyetizma,False
Fizik,Dalgalar,False
Fizik,Optik,False
Kimya,Kimya Bilimi,False
Kimya,Atom ve Periyodik Sistem,False
Kimya,Kimyasal Türler Arası Etkileşimler,False
Kimya,Maddenin Halleri,False
Kimya,Doğa ve Kimya,False
Kimya,Kimyanın Temel Kanunları ve Kimyasal Hesaplamalar,False
Kimya,Karışımlar,False
Kimya,Asitler-Bazlar ve Tuzlar,False
Kimya,Kimya Her Yerde,False
Biyoloji,Yaşam Bilimi Biyoloji,False
Biyoloji,Hücre,False
Biyoloji,Canlılar Dünyası,False
Biyoloji,Hücre Bölünmeleri ve Üreme,False
Biyoloji,Kalıtımın Genel İlkeleri,False
Biyoloji,Ekosistem Ekolojisi ve Güncel Çevre Sorunları,False
Felsefe,Felsefe'nin Alanı,False
Felsefe,Bilgi Felsefesi,False
Felsefe,Bilim Felsefesi,False
Felsefe,Varlık Felsefesi,False
Felsefe,Ahlak Felsefesi,False
Felsefe,Siyaset Felsefesi,False
Felsefe,Sanat Felsefesi,False
Felsefe,Din Felsefesi,False
Din Kültürü,İnsan ve Din (İnanç),False
Din Kültürü,İbadet,False
Din Kültürü,Hz. Muhammed'in Hayatı,False
Din Kültürü,Vahiy ve Akıl,False
Din Kültürü,İslam Düşüncesi ve Yorumu,False
Din Kültürü,"İslamda Değerler, Sanat ve Laiklik",False
Din Kültürü,Yaşayan Dinler,False
